Model,Corpus BLEU,Avg Sentence BLEU,Sentences Won,Win Percentage
Direct,8.425551699599161,9.032601755394635,45,45.0
Noisy Channel,7.341342867585372,8.144092820612427,33,33.0
